5424322338940518|04/29|350|Warren Stewart|418 Ruta Dr||Hobart|IN|46342|17082052213|warren_2487@yahoo.com|108.147.92.82|
5424322338930998|04/29|460|darin mitchell|14533 Keating Avenue||Midlothian|IL|60445|17087040258|darinmit23@gmail.com|149.75.204.217|
4117704098264111|03/29|950|Michael Sumrall|640 Main St, Apt 3||malden|MA|02148-3919|16172882748|michael.sumrall@yahoo.com|172.56.193.230|
5275200068089583|06/30|642|Gabriel|Castillo||Chicago|Illinois|60618|17738006949|Gabi82224@gmail.com|172.56.17.160|
5275200028375239|06/28|887|STEVEN J KEMP JR|342 Oakwood st||Park forest|Illinois|60466|17087338031|Stevenkemp35@gmail.com|108.147.101.18|
5175464062218884|10/27|629|Aracelia Bolivar|3002 N. Pulaski rd, 2S FL||Chicago|IL|60641|18727134901|araceliabolivar@gmail.com|172.56.16.217|
4744880189564915|07/30|786|Uriel Leyva Cayetano|2060 N Center St Lot 389||Mesa|AZ|85201|16232351172|Urielobedleyva@gmail.com|107.127.21.106|
4833130072646110|07/30|036|Kendall Brown|901 VERNE LANE, 901 VERNE LANE||FLOSSMOOR|IL|60422|17088350427|Drmbb@att.net|108.147.92.125|
5149703000327825|12/28|771|Eliannys zalmeron|1827 36th Ave||Stone Park|IL|60165-1031|16302590615|eliannyszal@gmail.com|172.56.24.210|
5275200139246113|11/30|930|Gustavo Dudamel|2626 E 77 th st||Chicago|Illinois|60649|18728550506|gustavodudamel97@gmail.com|166.194.132.74|
4427554017621106|08/30|950|Jorge barcenas|Barcenas||Chicago|Illinois|60707|17736781797|Jirgel7057@gmail.com|104.52.129.201|
4912883302110992|06/28|681|Carlton Williams|17 DONALD RD Apt #2||DORCHESTER CENT|MA|02124|16175937757|ceewilliams2008@yahoo.com|172.56.198.96|
4782002080703418|10/30|065|Alvaro Zapata|1827 36th Ave||Stone Park|IL|60165-1031|16302590615|eliannyszal@gmail.com|172.56.24.210|
5424324225414300|09/29|247|Paul doukas|7127 emerald spring loop||New Port Richey|FL|34653|17275342246|pauldoukas95@yahoo.com|172.56.97.250|
4117700094015713|07/29|652|Lucas Silva Almeida|169 essex street||Saugus|MA|01906|16179562576|almeidasilva726@hotmail.com|172.56.193.47|
5155492620270059|10/26|740|Shereka scott|512 Celey Street||Hampton|VA|23661|17572188699|shereka.scott2@gmail.com|172.56.33.45|
4430440025841016|12/26|141|Denise A Guzman|619 burton st se||GRAND RAPIDS|MI|49507|16162722198|deniseguzman89@gmail.com|172.58.123.15|
5332480660204225|09/30|900|Shereka Renee Scott|512 Celey Street||Hampton|VA|23661|17572188699|shereka.scott2@gmail.com|172.56.33.45|
4765593023224604|11/28|013|Zarnnette McQueen|5921 N.W. 24th ave||Miami|FL|33142|17865413822|ladybuggzee@yahoo.com|172.58.128.74|
5129925789975128|07/29|033|Hasly Isidore|14 Adams st, 4A||New bedford|MA|02746|19546305959|haslyisidore@gmail.com|172.56.115.153|
4476290000014740|08/26|713|Christie Romano|869 S. HILLSIDE Ave.||Elmhurst|IL|60126|16302403761|Romano.Christie@gmail.com|108.83.52.192|
4035300460053700|06/30|677|John Crespo|28030 sw. 139 court||Homestead|Florida|33033|17863551684|jcrespo0763@gmail.com|172.58.131.227|
4117700106823203|06/30|904|Brian Kelleher-Calnan|67 Colborne Road, 1||Boston|MA|02135|17814395395|briank.calnan@gmail.com|130.44.119.4|
4117744094022782|03/29|698|Eric Dauster|701 Van Emburgh Ave||Township Of Washington|NJ|07676|(201) 232-0917|Daustemd1551@gmail.com|141.153.193.223|
5150910263730175|01/28|412|Darcell Fultz|7310 S Yates Blvd, 2||Chicago|IL|60649|17738090194|darcellfultz@gmail.com|172.58.165.33|
4430450009308577|03/28|138|Ronald Labady|5736 san paulo cir||Indianapolis|IN|46226|17862127557|ronlabady@gmail.com|172.58.145.92|
4117704098650962|03/29|009|Jonathan Coulanges|66 Pemaquid St||Indian Orchard|Massachusetts|01151|17819274483|c.jonathan151@gmail.com|146.75.246.8|
5332480653412660|09/29|459|Solomon Andrews|3215 Southwest 52nd Avenue, 28||Pembroke Park|FL|33023|19545881840|watsontravonya@gmail.com|172.58.133.204|
5424322338711901|02/29|756|Darcell Fultz|7310 S Yates Blvd, 2||Chicago|IL|60649|17738090194|darcellfultz@gmail.com|172.58.165.33|
4190021257187813|12/28|960|Nate Richmond|1613 Valencia Drive,||Rockford|IL|61108|18155054815|Richnate98@gmail.com|172.58.165.189|